,index,dot,under,over,inter
0,545,444.4142008436687,0.16,0.248,0.592
1,223,651.6552626412076,0.2803738317757009,0.14953271028037382,0.5700934579439252
2,237,911.9607706386296,0.45112781954887216,0.14285714285714285,0.40601503759398494
3,551,496.3925902415873,0.319672131147541,0.1557377049180328,0.5245901639344263
4,579,642.6877846652203,0.35507246376811596,0.11594202898550725,0.5289855072463768
5,753,858.3625258443012,0.08383233532934131,0.15568862275449102,0.7604790419161677
6,12,450.32153365823604,0.4225352112676056,0.2112676056338028,0.36619718309859156
7,784,840.6108181144116,0.3401360544217687,0.1292517006802721,0.5306122448979592
8,948,702.6747469391051,0.18518518518518517,0.043209876543209874,0.7716049382716049
9,790,704.699675325668,0.06521739130434782,0.463768115942029,0.47101449275362317
10,960,581.873393924036,0.4411764705882353,0.07058823529411765,0.48823529411764705
11,155,868.7939266920001,0.3305084745762712,0.22033898305084745,0.4491525423728814
12,633,885.4480090552325,0.35542168674698793,0.0783132530120482,0.5662650602409639
13,627,816.2233454161044,0.26119402985074625,0.20149253731343283,0.5373134328358209
14,141,555.1420014569305,0.3176470588235294,0.15294117647058825,0.5294117647058824
15,169,666.177005231724,0.36363636363636365,0.14545454545454545,0.4909090909090909
16,196,409.95604060995396,0.1619047619047619,0.14285714285714285,0.6952380952380952
17,182,824.1817967467393,0.2711864406779661,0.059322033898305086,0.6694915254237288
18,800,900.1689216879996,0.10273972602739725,0.19863013698630136,0.6986301369863014
19,431,464.7022466598248,0.11016949152542373,0.4576271186440678,0.4322033898305085
20,357,611.5008412586052,0.272108843537415,0.027210884353741496,0.7006802721088435
21,343,885.826820768856,0.3333333333333333,0.0851063829787234,0.5815602836879432
22,425,434.5778638771162,0.12612612612612617,0.4144144144144145,0.4594594594594596
23,419,569.0454402362842,0.07766990291262135,0.4854368932038835,0.4368932038834951
24,394,412.203229343614,0.2786885245901639,0.19672131147540983,0.5245901639344263
25,380,841.8859699089292,0.4166666666666667,0.0641025641025641,0.5192307692307693
26,381,783.7393194619581,0.34415584415584416,0.07142857142857142,0.5844155844155844
27,395,372.68741197690537,0.20512820512820512,0.27350427350427353,0.5213675213675214
28,418,676.7778655156851,0.24299065420560748,0.16822429906542055,0.5887850467289719
29,342,836.6991189569977,0.1935483870967742,0.12903225806451613,0.6774193548387096
30,424,827.9810991490727,0.0,0.6082474226804125,0.39175257731958774
31,430,447.16195679717555,0.25510204081632654,0.1836734693877551,0.5612244897959183
32,356,573.1000215814503,0.2631578947368421,0.12781954887218044,0.6090225563909775
33,801,908.2622915944718,0.1119402985074627,0.3134328358208956,0.5746268656716419
34,183,586.8239059752694,0.2807017543859649,0.12280701754385964,0.5964912280701754
35,197,255.1476491691389,0.13725490196078433,0.23529411764705882,0.6274509803921569
36,168,716.5097021895144,0.3177570093457944,0.18691588785046728,0.4953271028037383
37,626,789.8992990085294,0.021052631578947368,0.7473684210526316,0.23157894736842105
38,140,602.7081495515943,0.41414141414141414,0.08080808080808081,0.5050505050505051
39,154,824.9453351093672,0.32592592592592595,0.14814814814814814,0.5259259259259259
40,632,695.2560301572701,0.18699186991869918,0.1951219512195122,0.6178861788617886
41,961,807.1714106614853,0.03333333333333333,0.5666666666666667,0.4
42,791,636.300551364915,0.32748538011695916,0.04678362573099417,0.625730994152047
43,949,189.76586976987892,0.17073170731707318,0.24390243902439024,0.5853658536585366
44,785,726.7082137984892,0.17,0.44,0.39
45,13,541.741808706839,0.34285714285714286,0.2857142857142857,0.37142857142857144
46,587,934.6092164756592,0.3684210526315789,0.02631578947368421,0.6052631578947368
47,578,845.9112951849856,0.26380368098159507,0.17791411042944785,0.558282208588957
48,236,833.5037052987318,0.562962962962963,0.037037037037037035,0.4
49,544,227.50542938572096,0.12605042016806722,0.3025210084033613,0.5714285714285714
50,222,854.4934929467348,0.3564356435643564,0.07920792079207921,0.5643564356435643
51,552,733.6413528451777,0.34234234234234234,0.22522522522522523,0.43243243243243246
52,234,805.7004743873762,0.5777777777777777,0.02962962962962963,0.3925925925925926
53,220,814.802225887527,0.42424242424242425,0.1111111111111111,0.46464646464646464
54,546,827.4723995799518,0.37209302325581395,0.0872093023255814,0.5406976744186046
55,208,621.7842066647836,0.48854961832061067,0.015267175572519083,0.4961832061068702
56,750,678.6034436446052,0.36257309941520466,0.017543859649122806,0.6198830409356725
57,744,856.0013340275847,0.04285714285714286,0.42142857142857143,0.5357142857142857
58,39,489.13119158218996,0.46808510638297873,0.010638297872340425,0.5212765957446809
59,11,639.4754999474168,0.32,0.21333333333333335,0.4666666666666667
60,778,358.33277116980594,0.04081632653061224,0.1360544217687075,0.8231292517006803
61,793,778.7995383858719,0.16875,0.20625,0.625
62,787,581.1402208015776,0.5030674846625767,0.07975460122699386,0.4171779141104294
63,963,905.1542567122154,0.021126760563380285,0.563380281690141,0.41549295774647893
64,142,333.6997517388963,0.10606060606060606,0.5,0.3939393939393939
65,624,796.0919117849492,0.1875,0.3203125,0.4921875
66,630,889.113139935525,0.09183673469387756,0.5918367346938775,0.3163265306122449
67,156,752.0261792901729,0.40350877192982454,0.07894736842105263,0.5175438596491229
68,618,830.081645690157,0.40939597315436244,0.09395973154362416,0.4966442953020134
69,181,757.8453017635815,0.22123893805309736,0.07964601769911504,0.6991150442477876
70,195,404.68408270619204,0.06451612903225805,0.6559139784946234,0.2795698924731182
71,803,739.4903872017413,0.17964071856287425,0.0658682634730539,0.7544910179640718
72,817,699.5099071416706,0.1375,0.0375,0.825
73,340,812.3264532543741,0.29473684210526313,0.37894736842105264,0.3263157894736842
74,354,787.536907328849,0.02912621359223301,0.7475728155339806,0.22330097087378642
75,432,862.6455145101528,0.3537414965986395,0.13605442176870752,0.5102040816326532
76,368,867.3825698644365,0.3262411347517731,0.10638297872340426,0.5673758865248227
77,383,838.6806913106028,0.3630573248407644,0.03184713375796179,0.605095541401274
78,397,930.8500923615802,0.39393939393939403,0.07272727272727274,0.5333333333333334
79,396,933.371084565186,0.14285714285714285,0.5904761904761905,0.26666666666666666
80,382,762.2021626168392,0.2468354430379747,0.10126582278481013,0.6518987341772152
81,369,867.30395077557,0.33070866141732286,0.10236220472440945,0.5669291338582677
82,355,777.948202645001,0.2748091603053435,0.09923664122137404,0.6259541984732825
83,433,795.9552467931665,0.21333333333333335,0.22,0.5666666666666667
84,427,740.1775585252357,0.46794871794871795,0.07692307692307693,0.4551282051282051
85,341,422.88646686043944,0.1192660550458716,0.45871559633027537,0.42201834862385335
86,802,873.8494464561657,0.0070921985815602835,0.7872340425531915,0.20567375886524822
87,194,556.7967133329,0.40336134453781514,0.04201680672268908,0.5546218487394958
88,180,807.1579107083085,0.2222222222222222,0.10256410256410256,0.6752136752136753
89,631,841.5786040462135,0.29518072289156627,0.0963855421686747,0.608433734939759
90,157,865.3271905685817,0.3783783783783784,0.07207207207207207,0.5495495495495496
91,143,414.6683872783434,0.06666666666666667,0.38666666666666666,0.5466666666666666
92,625,738.697927038012,0.11818181818181821,0.46363636363636374,0.41818181818181827
93,962,518.9558422130839,0.006711409395973156,0.7181208053691277,0.2751677852348994
94,786,342.7608281651092,0.34,0.16666666666666666,0.49333333333333335
95,792,833.5950999722544,0.2046783625730994,0.14035087719298245,0.6549707602339181
96,779,325.3979108845952,0.23030303030303031,0.20606060606060606,0.5636363636363636
97,10,836.14939510176,0.35526315789473684,0.07894736842105263,0.5657894736842105
98,38,706.2881139594004,0.43478260869565216,0.028985507246376812,0.5362318840579711
99,745,807.5485336071318,0.31176470588235283,0.058823529411764684,0.6294117647058821
100,989,679.9014189049417,0.23243243243243245,0.043243243243243246,0.7243243243243244
101,590,490.48998842559917,0.008130081300813009,0.6829268292682927,0.3089430894308943
102,209,820.3275036450684,0.3103448275862069,0.1839080459770115,0.5057471264367817
103,221,469.95611578699015,0.26744186046511625,0.3255813953488372,0.40697674418604646
104,547,473.31510743045715,0.053571428571428555,0.3035714285714285,0.6428571428571427
105,553,614.8149993014681,0.23478260869565218,0.1826086956521739,0.5826086956521739
106,235,932.7050930292792,0.5396825396825397,0.05555555555555555,0.40476190476190477
107,219,383.03012952705313,0.45614035087719296,0.07894736842105263,0.4649122807017544
108,231,748.6065216699968,0.6206896551724138,0.02586206896551724,0.35344827586206895
109,543,400.6054744449687,0.14049586776859505,0.18181818181818182,0.6776859504132231
110,225,675.9232870750095,0.20370370370370375,0.4629629629629631,0.3333333333333334
111,580,736.3322107953563,0.42483660130718953,0.0718954248366013,0.5032679738562091
112,769,215.72449686438503,0.3724137931034483,0.07586206896551724,0.5517241379310345
113,14,622.2260256459083,0.3939393939393939,0.10606060606060606,0.5
114,28,531.3255926922143,0.2840909090909091,0.10227272727272728,0.6136363636363636
115,755,871.2690604369031,0.050359712230215826,0.6330935251798561,0.31654676258992803
116,741,505.1156316203752,0.27419354838709675,0.1774193548387097,0.5483870967741935
117,999,546.3690480408438,0.3146067415730337,0.07303370786516854,0.6123595505617978
118,966,864.5241533806078,0.06493506493506493,0.2987012987012987,0.6363636363636364
119,796,379.67762668694957,0.13043478260869565,0.32608695652173914,0.5434782608695652
120,782,898.7602714122563,0.19108280254777077,0.05732484076433123,0.7515923566878984
121,609,848.1252901485843,0.1119402985074627,0.3134328358208956,0.5746268656716419
122,621,325.2830450068922,0.047244094488188976,0.48031496062992124,0.47244094488188976
123,147,772.2695842526191,0.3611111111111111,0.2222222222222222,0.4166666666666667
124,153,871.8605425774244,0.08163265306122448,0.5306122448979592,0.3877551020408163
125,635,892.9823889185371,0.383720930232558,0.06976744186046509,0.5465116279069766
126,806,170.92646727055683,0.10714285714285714,0.4732142857142857,0.41964285714285715
127,812,538.9454506988525,0.16447368421052633,0.1513157894736842,0.6842105263157895
128,184,841.9629343058372,0.3877551020408163,0.07142857142857142,0.5408163265306123
129,190,497.6491181202086,0.1276595744680851,0.4148936170212766,0.4574468085106383
130,379,848.1648728172489,0.3790849673202614,0.058823529411764705,0.5620915032679739
131,345,666.4272454446366,0.04950495049504951,0.6039603960396039,0.3465346534653465
132,437,173.56338300432756,0.2619047619047619,0.15873015873015872,0.5793650793650794
133,351,781.7261157248433,0.14049586776859507,0.4049586776859505,0.45454545454545464
134,386,376.6333410025349,0.2230215827338129,0.079136690647482,0.6978417266187049
135,392,281.38082546645217,0.31343283582089554,0.04477611940298507,0.6417910447761194
136,393,458.06887811823566,0.17322834645669294,0.12598425196850396,0.7007874015748033
137,387,198.87081819313218,0.07920792079207921,0.42574257425742573,0.49504950495049505
138,436,837.6241191274913,0.0,0.6984126984126984,0.30158730158730157
139,350,853.3159289407934,0.3805970149253731,0.06716417910447761,0.5522388059701493
140,344,532.4860682985862,0.25806451612903225,0.26881720430107525,0.4731182795698925
141,422,613.9472038372453,0.21875,0.1875,0.59375
142,378,829.9629802938306,0.28187919463087246,0.11409395973154363,0.6040268456375839
143,191,616.2177423601846,0.12658227848101267,0.3037974683544304,0.569620253164557
144,185,697.4879237406792,0.09890109890109887,0.14285714285714282,0.758241758241758
145,813,727.9467530788924,0.008130081300813006,0.9186991869918697,0.07317073170731705
146,152,754.2536549801104,0.4298245614035089,0.08771929824561406,0.4824561403508773
147,634,884.4908983492903,0.34523809523809523,0.10119047619047619,0.5535714285714286
148,620,332.2585490834886,0.04,0.472,0.488
149,608,849.3178249180221,0.21739130434782608,0.14492753623188406,0.6376811594202898
150,783,780.984763385412,0.10309278350515463,0.5670103092783505,0.32989690721649484
151,797,874.3803880243418,0.1625,0.24375,0.59375
152,967,444.66651320813133,0.04375000000000001,0.5375000000000001,0.41875000000000007
153,998,97.61793441723974,0.296,0.184,0.52
154,740,648.0920903344731,0.042682926829268296,0.38414634146341464,0.573170731707317
155,754,306.29135367807334,0.30327868852459017,0.1885245901639344,0.5081967213114754
156,29,832.5577792781904,0.03174603174603175,0.6349206349206351,0.3333333333333334
157,15,616.2326283138295,0.36231884057971014,0.15942028985507245,0.4782608695652174
158,768,220.42737305051173,0.33,0.12,0.55
159,581,882.1609372287695,0.3294797687861273,0.11560693641618501,0.554913294797688
160,542,262.3016366988495,0.13008130081300814,0.2601626016260163,0.6097560975609756
161,224,873.558648167372,0.2631578947368421,0.22105263157894736,0.5157894736842106
162,230,602.4213742826203,0.4715447154471545,0.10569105691056911,0.42276422764227645
163,218,429.5631274198256,0.4845360824742268,0.1134020618556701,0.4020618556701031
164,226,777.7289693877354,0.6875,0.0625,0.25
165,1268,732.2451897579833,0.1,0.3894736842105263,0.5105263157894737
166,540,364.90162725025783,0.37423312883435594,0.08588957055214727,0.5398773006134971
167,554,690.6376423548363,0.25,0.12931034482758622,0.6206896551724138
168,232,697.75292039364,0.4921875,0.0859375,0.421875
169,597,826.169455822227,0.3,0.04375,0.65625
170,17,811.4284027496855,0.1927710843373494,0.25301204819277107,0.5542168674698795
171,756,767.8849090521509,0.21929824561403508,0.22807017543859648,0.5526315789473685
172,965,871.7994349727987,0.08053691275167785,0.3691275167785235,0.5503355704697986
173,959,591.116910055573,0.43859649122807015,0.029239766081871343,0.5321637426900585
174,795,453.98103279929506,0.1223021582733813,0.2805755395683453,0.5971223021582733
175,178,657.2248262172404,0.06818181818181818,0.659090909090909,0.2727272727272727
176,636,790.4471787811502,0.22424242424242416,0.22424242424242416,0.5515151515151513
177,150,348.4684058662584,0.3010752688172043,0.17204301075268819,0.5268817204301075
178,144,456.61158924667865,0.2289156626506024,0.1927710843373494,0.5783132530120482
179,622,466.1638055278721,0.08759124087591241,0.0948905109489051,0.8175182481751825
180,811,223.23054376886444,0.044444444444444446,0.5111111111111111,0.4444444444444444
181,805,920.3121634891718,0.07246376811594203,0.47101449275362317,0.45652173913043476
182,193,513.0722344933301,0.20909090909090905,0.3181818181818181,0.4727272727272726
183,187,430.5032149298613,0.26744186046511625,0.26744186046511625,0.4651162790697674
184,408,404.3686782589972,0.1326530612244898,0.3979591836734694,0.46938775510204084
185,352,586.1647744467809,0.19847328244274814,0.15267175572519087,0.6488549618320613
186,420,238.1647868317932,0.022988505747126436,0.5057471264367817,0.47126436781609193
187,346,596.4459616741772,0.22962962962962963,0.17037037037037037,0.6
188,391,445.90261829402067,0.3503649635036497,0.09489051094890513,0.5547445255474454
189,384,798.304459851612,0.21929824561403508,0.38596491228070173,0.39473684210526316
190,390,765.696861613043,0.036036036036036036,0.5135135135135135,0.45045045045045046
191,421,793.3682856791302,0.36434108527131776,0.1782945736434108,0.45736434108527124
192,347,707.9696772377688,0.2621359223300971,0.2815533980582524,0.4563106796116505
193,353,540.6552765583328,0.11607142857142858,0.38392857142857145,0.5
194,409,920.0831842003486,0.2625,0.19375,0.54375
195,186,807.2305058117579,0.26760563380281693,0.16197183098591553,0.5704225352112677
196,192,681.878750367221,0.3728813559322034,0.11864406779661017,0.5084745762711864
197,804,792.6435240033619,0.16875,0.06875,0.7625
198,810,665.9244548141588,0.05343511450381681,0.5496183206106872,0.3969465648854963
199,145,522.0126220450229,0.09210526315789473,0.2631578947368421,0.6447368421052632
200,623,831.1746889815934,0.13793103448275862,0.33620689655172414,0.5258620689655172
201,637,825.158716888048,0.08080808080808081,0.6060606060606061,0.31313131313131315
202,151,805.9028492669119,0.3875968992248062,0.03875968992248062,0.5736434108527132
203,179,480.8812697974304,0.24324324324324326,0.17117117117117117,0.5855855855855856
204,794,614.4367700292775,0.21710526315789475,0.07894736842105263,0.7039473684210527
205,780,763.3545255890424,0.273224043715847,0.0273224043715847,0.6994535519125683
206,964,328.32749535964365,0.006802721088435374,0.8299319727891157,0.16326530612244897
207,757,679.6342691309126,0.4624277456647399,0.06358381502890173,0.47398843930635837
208,16,851.0211954328764,0.17647058823529413,0.35294117647058826,0.47058823529411764
209,596,298.52253796957103,0.25833333333333336,0.15833333333333333,0.5833333333333334
210,233,562.5171599141901,0.2714285714285714,0.2,0.5285714285714286
211,227,863.1601782447334,0.5846153846153846,0.06923076923076923,0.34615384615384615
212,541,183.94409723202423,0.4230769230769231,0.04945054945054945,0.5274725274725275
213,1269,383.74563779899785,0.030864197530864196,0.6604938271604939,0.30864197530864196
214,240,825.145453872487,0.4925373134328358,0.07462686567164178,0.43283582089552236
215,526,484.3435484918139,0.3900709219858155,0.09219858156028367,0.5177304964539006
216,254,840.1904996443377,0.28682170542635665,0.13953488372093026,0.5736434108527133
217,268,427.06620876163225,0.24271844660194167,0.2718446601941747,0.48543689320388334
218,283,521.4815443287537,0.09803921568627454,0.4901960784313727,0.41176470588235303
219,297,285.63099549492034,0.18487394957983197,0.19327731092436978,0.6218487394957984
220,59,651.4807070469377,0.2376237623762376,0.09900990099009901,0.6633663366336634
221,730,883.3603383891295,0.3263157894736842,0.03684210526315789,0.6368421052631579
222,718,817.9009083275422,0.5384615384615384,0.006993006993006993,0.45454545454545453
223,65,653.9655453739438,0.37333333333333335,0.17333333333333334,0.4533333333333333
224,71,601.5429306372504,0.30120481927710846,0.1566265060240964,0.5421686746987951
225,888,810.7218940200004,0.025806451612903226,0.4064516129032258,0.567741935483871
226,650,691.2508955136017,0.0990990990990991,0.6036036036036037,0.2972972972972973
227,136,718.390547094722,0.284090909090909,0.14772727272727268,0.568181818181818
228,122,553.8799297685299,0.21649484536082475,0.16494845360824742,0.6185567010309279
229,644,730.3932938989358,0.34523809523809523,0.10119047619047619,0.5535714285714286
230,678,835.1383103124059,0.1510791366906475,0.14388489208633093,0.7050359712230215
231,877,557.13138958838,0.33146067415730335,0.028089887640449437,0.6404494382022472
232,863,95.82940146078776,0.14788732394366197,0.38028169014084506,0.47183098591549294
233,334,540.941463824714,0.3749999999999999,0.10833333333333331,0.5166666666666665
234,452,840.8220090550589,0.30578512396694213,0.15702479338842976,0.5371900826446281
235,446,313.8641960445137,0.14960629921259844,0.11811023622047244,0.7322834645669292
236,320,252.04189522657433,0.11363636363636363,0.19318181818181818,0.6931818181818182
237,308,651.4821783441533,0.3944954128440367,0.09174311926605505,0.5137614678899083
238,491,731.4266765979753,0.034782608695652174,0.6869565217391305,0.2782608695652174
239,485,680.3365330801252,0.2898550724637681,0.18840579710144928,0.5217391304347826
240,484,868.9538030149748,0.39393939393939403,0.07272727272727274,0.5333333333333334
241,490,766.3627945190684,0.28378378378378377,0.14189189189189189,0.5743243243243243
242,447,354.2743404579785,0.0916030534351145,0.1450381679389313,0.7633587786259542
243,321,676.3129429728114,0.375,0.16666666666666666,0.4583333333333333
244,335,853.4478575639808,0.1704545454545455,0.32954545454545464,0.5000000000000001
245,453,700.2928474438593,0.39393939393939387,0.06818181818181816,0.5378787878787877
246,862,546.3200131367748,0.2634730538922156,0.18562874251497005,0.5508982035928144
247,876,253.17813118868693,0.18518518518518517,0.17037037037037037,0.6444444444444445
248,123,656.6159442864038,0.25252525252525254,0.12121212121212122,0.6262626262626263
249,645,912.9671962911953,0.3202247191011236,0.19662921348314608,0.48314606741573035
250,651,767.0966160405195,0.17886178861788618,0.4878048780487805,0.3333333333333333
251,889,708.1835155187335,0.2,0.38235294117647056,0.4176470588235294
252,137,338.69343247778187,0.45,0.08,0.47
253,902,750.0238783756027,0.1165644171779141,0.12269938650306748,0.7607361963190185
254,70,674.1553270902397,0.3333333333333332,0.1555555555555555,0.511111111111111
255,64,594.517163189904,0.24050632911392397,0.1645569620253164,0.5949367088607593
256,58,878.6507852184538,0.19540229885057472,0.13793103448275862,0.6666666666666666
257,296,408.3274379314015,0.18691588785046728,0.1308411214953271,0.6822429906542056
258,282,383.1512723526309,0.38596491228070173,0.14912280701754385,0.4649122807017544
259,269,843.5589189917766,0.009708737864077669,0.7281553398058253,0.2621359223300971
260,533,800.1313804887332,0.3333333333333333,0.06790123456790123,0.5987654320987654
261,255,903.1292621931625,0.4351145038167939,0.06870229007633588,0.4961832061068702
262,241,478.72389774153623,0.34831460674157305,0.30337078651685395,0.34831460674157305
263,527,468.50631483651364,0.35251798561151076,0.1366906474820144,0.5107913669064749
264,257,911.7862954777814,0.44285714285714267,0.08571428571428567,0.47142857142857125
265,531,665.8442107397817,0.375,0.1,0.525
266,525,542.1092537272535,0.16428571428571428,0.09285714285714286,0.7428571428571429
267,243,509.59525598657683,0.6052631578947367,0.06140350877192981,0.33333333333333326
268,519,901.4784192361136,0.2722222222222222,0.05555555555555555,0.6722222222222223
269,294,461.14412231236884,0.2222222222222222,0.13675213675213677,0.6410256410256411
270,733,687.408538796943,0.10833333333333334,0.4083333333333333,0.48333333333333334
271,72,599.4978481274707,0.2823529411764707,0.14117647058823535,0.5764705882352943
272,66,620.2426240967067,0.14516129032258066,0.3709677419354839,0.4838709677419355
273,928,499.06650288792474,0.0,0.9386503067484664,0.061349693251533756
274,914,153.4100225672498,0.14782608695652175,0.2,0.6521739130434783
275,647,565.433319045613,0.25333333333333335,0.08666666666666667,0.66
276,121,612.0581994160543,0.25555555555555554,0.15555555555555556,0.5888888888888889
277,135,536.8722031341192,0.4322033898305085,0.00847457627118644,0.559322033898305
278,653,265.2910532291428,0.16279069767441862,0.46511627906976744,0.37209302325581395
279,9,903.5490947447519,0.05454545454545454,0.4909090909090909,0.45454545454545453
280,109,730.2742765789826,0.2967032967032967,0.10989010989010989,0.5934065934065934
281,860,451.5796163337135,0.2777777777777778,0.044444444444444446,0.6777777777777778
282,323,925.3602985629503,0.36363636363636365,0.04195804195804196,0.5944055944055944
283,445,306.4582207561175,0.16,0.104,0.736
284,451,934.3101992259635,0.36363636363636365,0.025974025974025976,0.6103896103896104
285,337,681.9990449953523,0.2773109243697479,0.19327731092436976,0.5294117647058824
286,479,868.9876528261067,0.3611111111111111,0.09722222222222222,0.5416666666666666
287,486,862.6725832810715,0.05217391304347826,0.48695652173913045,0.4608695652173913
288,492,604.800252260834,0.28082191780821925,0.13013698630136988,0.5890410958904111
289,493,629.2030625807656,0.09352517985611511,0.2805755395683453,0.6258992805755396
290,487,664.0647112847263,0.30985915492957744,0.15492957746478872,0.5352112676056338
291,478,892.051455997745,0.2972972972972973,0.08108108108108109,0.6216216216216216
292,336,662.4253504512893,0.15116279069767447,0.3953488372093025,0.4534883720930234
293,322,892.9483284052579,0.4258064516129032,0.05806451612903226,0.5161290322580645
294,444,754.9681834061118,0.19285714285714287,0.15714285714285714,0.65
295,861,512.0939955967079,0.2727272727272727,0.06666666666666667,0.6606060606060606
296,849,494.06052995685275,0.009615384615384616,0.625,0.36538461538461536
297,108,817.035507127182,0.2882882882882883,0.04504504504504504,0.6666666666666666
298,646,640.7009510150793,0.11347517730496454,0.3404255319148936,0.5460992907801419
299,120,552.2629043867238,0.24242424242424243,0.20202020202020202,0.5555555555555556
300,915,796.6836682480434,0.24519230769230768,0.03365384615384615,0.7211538461538461
301,98,801.9446000916286,0.0697674418604651,0.5465116279069766,0.3837209302325581
302,929,465.12351394542935,0.0,0.935064935064935,0.06493506493506493
303,67,691.2458757393192,0.31868131868131866,0.12087912087912088,0.5604395604395604
304,73,568.3731198069426,0.2857142857142857,0.11904761904761904,0.5952380952380952
305,732,868.0443875615154,0.22289156626506024,0.1746987951807229,0.6024096385542169
306,281,398.4862726697698,0.28865979381443296,0.2268041237113402,0.4845360824742268
307,295,344.02243821600746,0.1296296296296296,0.24074074074074067,0.6296296296296294
308,518,353.6390051799423,0.20833333333333334,0.11805555555555555,0.6736111111111112
309,524,704.9823428730239,0.03076923076923077,0.4307692307692308,0.5384615384615384
310,242,604.0542901926956,0.38271604938271603,0.20987654320987653,0.4074074074074074
311,256,799.9954036608124,0.42657342657342656,0.027972027972027972,0.5454545454545454
312,530,754.329911932378,0.39622641509433976,0.037735849056603786,0.5660377358490568
313,508,543.861745507043,0.3092105263157895,0.05263157894736842,0.6381578947368421
314,534,902.9541600888512,0.17006802721088435,0.25170068027210885,0.5782312925170068
315,252,822.6404855409584,0.4142857142857143,0.04285714285714286,0.5428571428571428
316,246,923.6662584009531,0.35294117647058826,0.14705882352941177,0.5
317,520,907.5524313199662,0.39344262295081966,0.06557377049180328,0.5409836065573771
318,291,536.9128958211065,0.2184873949579832,0.15126050420168066,0.6302521008403361
319,285,644.2689662481054,0.27102803738317754,0.21495327102803738,0.514018691588785
320,77,468.99357508447486,0.39436619718309873,0.08450704225352117,0.5211267605633805
321,63,657.5668046026135,0.09375,0.40625,0.5
322,88,819.1152251473144,0.34328358208955223,0.2835820895522388,0.373134328358209
323,939,325.79489826370093,0.06622516556291391,0.2251655629139073,0.7086092715231788
324,118,583.830485123505,0.2708333333333333,0.17708333333333334,0.5520833333333334
325,124,606.5594651307483,0.3173076923076923,0.08653846153846154,0.5961538461538461
326,642,832.2964870225161,0.2644628099173554,0.18181818181818182,0.5537190082644629
327,656,506.6225108411905,0.4144736842105263,0.039473684210526314,0.5460526315789473
328,130,486.0055455474543,0.313953488372093,0.13953488372093023,0.5465116279069767
329,865,237.73932913825234,0.18120805369127516,0.2550335570469799,0.5637583892617449
330,871,394.9632506193621,0.17006802721088432,0.17006802721088432,0.6598639455782311
331,681,344.7791081233666,0.4846153846153846,0.13076923076923078,0.38461538461538464
332,468,827.8435081906048,0.11009174311926606,0.44954128440366975,0.44036697247706424
333,440,727.6166397596068,0.2867647058823529,0.13970588235294118,0.5735294117647058
334,326,367.3709595290125,0.3473684210526316,0.14736842105263157,0.5052631578947369
335,332,682.5341519403635,0.2620689655172414,0.05517241379310345,0.6827586206896552
336,454,732.4078092656434,0.22368421052631574,0.15789473684210523,0.6184210526315789
337,483,858.4062403645679,0.3333333333333333,0.10062893081761007,0.5660377358490566
338,497,872.9012590480004,0.13432835820895522,0.40298507462686567,0.4626865671641791
339,496,567.1172029262701,0.36477987421383645,0.11949685534591195,0.5157232704402516
340,482,216.87160688887334,0.043478260869565216,0.7065217391304348,0.25
341,333,520.0856927107833,0.2540983606557377,0.1557377049180328,0.5901639344262295
342,455,900.9613950808587,0.12878787878787878,0.4393939393939394,0.4318181818181818
343,441,731.203224963949,0.3541666666666667,0.09722222222222222,0.5486111111111112
344,327,876.7384600585234,0.3235294117647059,0.16176470588235295,0.5147058823529411
345,469,848.6216626560749,0.23529411764705882,0.1323529411764706,0.6323529411764706
346,680,845.1257528984945,0.15053763440860216,0.24731182795698925,0.6021505376344086
347,870,270.3096782635083,0.13793103448275862,0.31724137931034485,0.5448275862068965
348,864,246.62543165761124,0.176056338028169,0.2605633802816901,0.5633802816901409
349,131,490.9104473295125,0.3176470588235294,0.12941176470588237,0.5529411764705883
350,125,690.8396676932686,0.2626262626262627,0.07070707070707073,0.6666666666666669
351,643,531.2550853113268,0.21774193548387102,0.16129032258064518,0.620967741935484
352,119,557.8775078070246,0.3225806451612902,0.1397849462365591,0.5376344086021504
353,938,881.09962389537,0.07079646017699115,0.37168141592920356,0.5575221238938053
354,89,837.8017955500937,0.32978723404255317,0.1595744680851064,0.5106382978723404
355,904,463.5473142303422,0.2236842105263158,0.1513157894736842,0.625
356,62,931.1048274962667,0.3058823529411765,0.023529411764705882,0.6705882352941176
357,76,601.0072873804414,0.24719101123595505,0.1348314606741573,0.6179775280898876
358,284,475.4224525728284,0.10101010101010104,0.47474747474747486,0.42424242424242437
359,290,327.8214717099996,0.125,0.28846153846153844,0.5865384615384616
360,247,897.9084509019012,0.37593984962406013,0.15789473684210525,0.46616541353383456
361,521,577.8151718808457,0.1836734693877551,0.04081632653061224,0.7755102040816326
362,535,916.5443313786204,0.26582278481012656,0.13924050632911392,0.5949367088607594
363,253,751.4754607243544,0.36666666666666664,0.17777777777777778,0.45555555555555555
364,509,430.01786374891685,0.21052631578947367,0.06578947368421052,0.7236842105263158
365,279,597.9691845217428,0.38392857142857145,0.11607142857142858,0.5
366,523,586.0225521955149,0.22857142857142856,0.07857142857142857,0.6928571428571428
367,245,811.799456495916,0.5075757575757576,0.07575757575757576,0.4166666666666667
368,251,867.312675336794,0.36428571428571427,0.06428571428571428,0.5714285714285714
369,537,215.32610153570184,0.3055555555555556,0.125,0.5694444444444444
370,286,430.5145389979051,0.10101010101010101,0.48484848484848486,0.41414141414141414
371,292,485.85426591766344,0.25,0.06666666666666667,0.6833333333333333
372,60,554.6107738238131,0.26,0.17,0.57
373,74,601.4370245113278,0.2823529411764707,0.15294117647058827,0.5647058823529414
374,709,866.6548081019379,0.3858267716535433,0.09448818897637795,0.5196850393700787
375,48,858.9674205613527,0.28070175438596484,0.04385964912280701,0.675438596491228
376,669,644.0660444911241,0.38857142857142857,0.03428571428571429,0.5771428571428572
377,133,399.67101066578965,0.36363636363636365,0.056818181818181816,0.5795454545454546
378,655,924.8346329037093,0.31693989071038253,0.11475409836065574,0.5683060109289617
379,641,581.5185073395348,0.272108843537415,0.07482993197278912,0.6530612244897959
380,127,472.69934294857154,0.3723404255319149,0.1595744680851064,0.46808510638297873
381,866,241.96514476616025,0.26380368098159507,0.17177914110429449,0.5644171779141104
382,682,782.6616698470431,0.39568345323741005,0.12949640287769784,0.4748201438848921
383,319,152.8684335728529,0.20689655172413793,0.19540229885057472,0.5977011494252874
384,457,387.13437311968136,0.09401709401709402,0.41025641025641024,0.49572649572649574
385,331,588.4209718754979,0.15625,0.2604166666666667,0.5833333333333334
386,443,928.6597348232607,0.096,0.296,0.608
387,494,593.2156496558148,0.20833333333333334,0.07142857142857142,0.7202380952380952
388,480,861.2627287944384,0.22941176470588234,0.011764705882352941,0.7588235294117647
389,481,820.2555427259952,0.045801526717557245,0.7862595419847327,0.1679389312977099
390,495,820.8730494195866,0.40131578947368424,0.06578947368421052,0.5328947368421053
391,442,863.7609043958322,0.10071942446043165,0.28776978417266186,0.6115107913669064
392,456,835.5606681298419,0.06140350877192982,0.7280701754385965,0.21052631578947367
393,330,433.68650337183317,0.29591836734693877,0.1836734693877551,0.5204081632653061
394,318,167.20408567484935,0.09473684210526316,0.35789473684210527,0.5473684210526316
395,867,322.95485354599276,0.27878787878787886,0.15757575757575762,0.5636363636363638
396,873,769.7559722364708,0.1568627450980392,0.39869281045751637,0.4444444444444444
397,640,393.1108996097296,0.07299270072992703,0.47445255474452563,0.45255474452554756
398,126,593.2587850089009,0.17777777777777778,0.13333333333333333,0.6888888888888889
399,132,542.5105847039157,0.25490196078431365,0.14705882352941171,0.5980392156862744
400,654,785.1255864964165,0.171875,0.3828125,0.4453125
401,668,623.3526786929324,0.37142857142857144,0.03428571428571429,0.5942857142857143
402,913,95.3544591094095,0.2905982905982906,0.1282051282051282,0.5811965811965812
403,49,444.0235776062421,0.3711340206185567,0.12371134020618557,0.5051546391752577
404,708,261.7953614887643,0.20610687022900767,0.22137404580152675,0.5725190839694658
405,75,629.7667744364254,0.24675324675324675,0.1038961038961039,0.6493506493506493
406,61,678.4422029965709,0.31958762886597936,0.061855670103092786,0.6185567010309279
407,293,273.52453520174043,0.041237113402061855,0.6082474226804123,0.35051546391752575
408,287,500.9836003902389,0.12745098039215685,0.35294117647058826,0.5196078431372549
409,250,807.1190830928728,0.4892086330935252,0.02877697841726619,0.48201438848920863
410,536,270.95046248922546,0.22556390977443608,0.13533834586466165,0.6390977443609023
411,522,520.2136111690355,0.2847682119205298,0.06622516556291391,0.6490066225165563
412,244,903.5696916681516,0.2345679012345679,0.24691358024691357,0.5185185185185185
413,278,802.201025040836,0.22413793103448276,0.08620689655172414,0.6896551724137931
414,261,812.4628866712297,0.5289256198347108,0.10743801652892562,0.36363636363636365
415,507,144.47311352266544,0.03076923076923077,0.676923076923077,0.2923076923076923
416,513,884.0890788572202,0.13286713286713286,0.2097902097902098,0.6573426573426573
417,275,843.9198630135314,0.03636363636363636,0.6272727272727273,0.33636363636363636
418,249,622.4732037750325,0.3163265306122449,0.21428571428571427,0.46938775510204084
419,705,231.51098617826423,0.21495327102803738,0.17757009345794392,0.6074766355140186
420,78,506.5793654445314,0.3924050632911392,0.24050632911392406,0.3670886075949367
421,711,858.2091061048767,0.5737704918032788,0.04918032786885247,0.37704918032786894
422,44,626.7053698776965,0.26506024096385544,0.2289156626506024,0.5060240963855421
423,50,825.5780006786731,0.38392857142857145,0.017857142857142856,0.5982142857142857
424,87,548.3316671741412,0.1724137931034483,0.3103448275862069,0.5172413793103449
425,93,800.6648764586633,0.49514563106796117,0.038834951456310676,0.46601941747572817
426,936,941.6906051119466,0.13793103448275862,0.2660098522167488,0.5960591133004927
427,3,592.6932750169404,0.35087719298245623,0.08771929824561406,0.56140350877193
428,671,198.09114854783485,0.14012738853503184,0.18471337579617833,0.6751592356687898
429,117,602.6112506059145,0.31958762886597936,0.09278350515463918,0.5876288659793815
430,103,538.9825582702151,0.4752475247524752,0.06930693069306931,0.45544554455445546
431,665,843.8355993113414,0.2,0.10666666666666667,0.6933333333333334
432,659,796.0898507498292,0.31736526946107785,0.07784431137724551,0.6047904191616766
433,842,900.3374072795152,0.1,0.54,0.36
434,315,329.22237297633836,0.2815533980582524,0.20388349514563106,0.5145631067961165
435,473,821.903077604946,0.34615384615384615,0.07692307692307693,0.5769230769230769
436,467,746.0088922755962,0.1858974358974359,0.038461538461538464,0.7756410256410257
437,301,927.0640850511334,0.2344827586206897,0.17931034482758623,0.5862068965517242
438,498,709.8791032954374,0.21678321678321677,0.17482517482517482,0.6083916083916084
439,499,640.3619971155757,0.1870503597122302,0.3741007194244604,0.4388489208633093
440,328,952.7681608357399,0.3119266055045872,0.14678899082568808,0.5412844036697247
441,466,786.1305458295218,0.16993464052287582,0.12418300653594772,0.7058823529411765
442,300,886.557330241045,0.22695035460992907,0.2695035460992908,0.5035460992907801
443,314,589.2797428444294,0.12222222222222222,0.4,0.4777777777777778
444,472,799.963007288092,0.2682926829268293,0.15853658536585366,0.573170731707317
445,843,906.3334816998031,0.14393939393939395,0.4621212121212121,0.3939393939393939
446,857,728.1640365105403,0.28125,0.0625,0.65625
447,658,643.3146253202685,0.3809523809523811,0.11309523809523814,0.5059523809523812
448,102,728.6584743519924,0.40384615384615385,0.08653846153846154,0.5096153846153846
449,664,889.1534326660698,0.2198581560283688,0.2553191489361702,0.524822695035461
450,670,644.6380501769625,0.2994350282485876,0.04519774011299435,0.655367231638418
451,2,944.0192505254053,0.04444444444444446,0.48888888888888904,0.46666666666666684
452,116,564.4267541747938,0.1506849315068493,0.410958904109589,0.4383561643835616
453,92,211.243502121131,0.35064935064935066,0.19480519480519481,0.45454545454545453
454,86,493.8339796826733,0.475,0.125,0.4
455,51,772.4480783887491,0.22916666666666666,0.052083333333333336,0.71875
456,45,744.3842048186231,0.08333333333333333,0.48333333333333334,0.43333333333333335
457,710,797.4268655511099,0.4853801169590643,0.07017543859649122,0.4444444444444444
458,79,635.9831417175812,0.32142857142857145,0.17857142857142858,0.5
459,704,628.9557609773872,0.4509803921568628,0.006535947712418302,0.542483660130719
460,248,602.1761504069376,0.5267857142857143,0.08928571428571429,0.38392857142857145
461,512,888.1183528195022,0.14,0.24666666666666667,0.6133333333333333
462,274,534.4199128302276,0.21367521367521367,0.20512820512820512,0.5811965811965812
463,260,613.1499515017917,0.47096774193548385,0.01935483870967742,0.5096774193548387
464,506,554.0763914054687,0.33116883116883117,0.05194805194805195,0.6168831168831169
465,276,679.2003928663304,0.020408163265306124,0.7755102040816327,0.20408163265306126
466,510,409.40401329578253,0.14184397163120568,0.20567375886524822,0.6524822695035462
467,504,823.9699832803136,0.2578616352201258,0.13836477987421383,0.6037735849056604
468,262,819.3606406379412,0.46601941747572817,0.1941747572815534,0.33980582524271846
469,538,393.511166460003,0.5564516129032258,0.08064516129032258,0.3629032258064516
470,289,296.0942260470163,0.14814814814814814,0.19444444444444445,0.6574074074074074
471,712,884.446241195133,0.48148148148148145,0.12037037037037036,0.39814814814814814
472,706,414.26643978473146,0.3435114503816794,0.19083969465648856,0.46564885496183206
473,53,427.9538896607883,0.3333333333333333,0.13541666666666666,0.53125
474,47,515.0756152341974,0.5434782608695652,0.06521739130434782,0.391304347826087
475,90,873.1112422555387,0.44144144144144143,0.09009009009009009,0.46846846846846846
476,935,927.7753084897074,0.22282608695652173,0.125,0.6521739130434783
477,921,803.7972459882899,0.26262626262626265,0.14646464646464646,0.5909090909090909
478,84,741.671553728862,0.15384615384615385,0.5692307692307692,0.27692307692307694
479,666,859.5610561244044,0.3838383838383838,0.08080808080808081,0.5353535353535354
480,100,528.9412253515881,0.4329896907216495,0.15463917525773196,0.41237113402061853
481,114,582.2772110023692,0.2708333333333333,0.20833333333333334,0.5208333333333334
482,672,230.45805009393004,0.17532467532467533,0.16883116883116883,0.6558441558441559
483,128,869.2394127883365,0.273972602739726,0.1506849315068493,0.5753424657534246
484,869,287.96324144282596,0.09923664122137404,0.42748091603053434,0.4732824427480916
485,841,849.2848375819103,0.38857142857142857,0.03428571428571429,0.5771428571428572
486,302,952.2416822728272,0.26896551724137924,0.15172413793103445,0.5793103448275861
487,464,424.68892963223647,0.0962962962962963,0.18518518518518517,0.7185185185185186
488,470,753.0118822616686,0.37593984962406013,0.08270676691729323,0.5413533834586466
489,316,397.2791081557851,0.06451612903225805,0.46236559139784933,0.47311827956989233
490,458,351.48604361945456,0.256,0.152,0.592
491,459,712.1248865914449,0.0,0.7293233082706765,0.27067669172932324
492,471,783.4862718467066,0.25161290322580643,0.12903225806451613,0.6193548387096774
493,317,199.76476133793025,0.1414141414141414,0.31313131313131315,0.5454545454545454
494,303,797.9437822772238,0.21999999999999995,0.24999999999999992,0.5299999999999998
495,465,740.5993487990767,0.07766990291262135,0.5048543689320388,0.4174757281553398
496,840,820.2587276974238,0.19863013698630136,0.1095890410958904,0.6917808219178082
497,698,830.1904882278177,0.26881720430107525,0.08064516129032258,0.6505376344086021
498,868,300.2561258189851,0.2088607594936709,0.20253164556962025,0.5886075949367089
499,129,514.3029786577739,0.29545454545454547,0.1590909090909091,0.5454545454545454
500,115,511.58909785750893,0.08108108108108109,0.5,0.4189189189189189
501,673,219.72173498345495,0.14465408805031446,0.1949685534591195,0.660377358490566
502,667,436.40476691973583,0.34705882352941175,0.023529411764705882,0.6294117647058823
503,101,447.90081475094064,0.4262295081967213,0.09016393442622951,0.48360655737704916
504,85,859.5565841153498,0.05000000000000001,0.6250000000000001,0.32500000000000007
505,920,587.1629768454115,0.3866666666666667,0.15333333333333335,0.4600000000000001
506,934,682.719977338563,0.00625,0.89375,0.1
507,91,826.0192718794801,0.5309734513274337,0.08849557522123894,0.3805309734513274
508,908,560.811391689941,0.15894039735099338,0.1986754966887417,0.6423841059602649
509,46,743.1449164861431,0.41,0.15,0.44
510,52,885.7671365476099,0.05555555555555555,0.2638888888888889,0.6805555555555556
511,707,107.46981159744591,0.10309278350515463,0.44329896907216493,0.4536082474226804
512,713,820.8184301771888,0.4513888888888889,0.08333333333333333,0.4652777777777778
513,288,558.6598744069371,0.36363636363636365,0.05785123966942149,0.5785123966942148
514,539,475.71499162024537,0.29285714285714287,0.04285714285714286,0.6642857142857143
515,505,625.4807148927011,0.28205128205128205,0.0641025641025641,0.6538461538461539
516,263,308.32510443072033,0.3058823529411765,0.28235294117647064,0.41176470588235303
517,277,564.6821491635243,0.3652173913043478,0.12173913043478261,0.5130434782608696
518,511,401.687729628274,0.1928571428571428,0.19999999999999996,0.607142857142857
519,529,270.6472882381346,0.09022556390977443,0.2857142857142857,0.6240601503759399
520,515,338.7853049604801,0.2792207792207792,0.08441558441558442,0.6363636363636364
521,273,302.1502632140402,0.19827586206896552,0.13793103448275862,0.6637931034482759
522,267,742.0133818671368,0.19,0.23,0.58
523,501,474.3134946293571,0.009523809523809525,0.7333333333333333,0.2571428571428571
524,298,535.5912452736061,0.17543859649122806,0.11403508771929824,0.7105263157894737
525,56,528.7950558672658,0.36363636363636365,0.04040404040404041,0.5959595959595959
526,42,479.5619031987241,0.3625,0.1125,0.525
527,717,789.9345554771552,0.5933333333333335,0.013333333333333336,0.3933333333333334
528,703,187.54357942762252,0.23529411764705882,0.14285714285714285,0.6218487394957983
529,95,905.2976381123617,0.19402985074626866,0.40298507462686567,0.40298507462686567
530,930,315.99346030162576,0.25210084033613445,0.17647058823529413,0.5714285714285714
531,81,724.716475256785,0.42342342342342343,0.02702702702702703,0.5495495495495496
532,918,621.45472342861,0.10582010582010581,0.12169312169312169,0.7724867724867724
533,139,381.93448614683433,0.30120481927710846,0.1927710843373494,0.5060240963855421
534,887,140.09040625158124,0.15602836879432624,0.28368794326241137,0.5602836879432624
535,893,434.17344048311674,0.06060606060606062,0.4469696969696971,0.49242424242424254
536,105,783.1121276075088,0.2830188679245283,0.07547169811320754,0.6415094339622641
537,663,234.03072888529184,0.3660130718954248,0.13725490196078433,0.49673202614379086
538,677,501.4840235881154,0.3900709219858156,0.12056737588652482,0.48936170212765956
539,5,547.7350857021773,0.41379310344827586,0.22413793103448276,0.3620689655172414
540,111,670.0412950220326,0.22972972972972977,0.12162162162162164,0.6486486486486488
541,844,381.5341433998308,0.35,0.022222222222222223,0.6277777777777778
542,850,735.5215991152214,0.39759036144578314,0.0963855421686747,0.5060240963855421
543,449,678.6357412626949,0.36752136752136755,0.18803418803418803,0.4444444444444444
544,461,909.587984733719,0.18787878787878787,0.048484848484848485,0.7636363636363637
545,313,287.5054929896985,0.28125,0.21875,0.5
546,475,886.6069637534788,0.26875,0.0875,0.64375
547,312,315.48203758994606,0.46616541353383456,0.09022556390977443,0.44360902255639095
548,474,873.3191148908797,0.35,0.08125,0.56875
549,460,847.5867723642904,0.040268456375838924,0.2751677852348993,0.6845637583892618
550,306,442.12481163533977,0.3898305084745763,0.1016949152542373,0.5084745762711864
551,448,858.0512274259662,0.25609756097560976,0.06097560975609756,0.6829268292682927
552,845,646.5577955550517,0.11464968152866246,0.21019108280254784,0.6751592356687901
553,4,849.3483856751766,0.22641509433962265,0.1509433962264151,0.6226415094339622
554,676,637.487318136101,0.15789473684210525,0.21804511278195488,0.6240601503759399
555,110,745.0001335748174,0.22093023255813954,0.11627906976744186,0.6627906976744186
556,104,527.8881547867799,0.4074074074074074,0.05555555555555555,0.5370370370370371
557,138,364.1161710206655,0.27848101265822783,0.27848101265822783,0.4430379746835443
558,80,615.0756073907684,0.06153846153846155,0.6000000000000001,0.33846153846153854
559,931,137.91706601208242,0.09848484848484851,0.45454545454545464,0.4469696969696971
560,94,816.0869318815866,0.4166666666666667,0.1111111111111111,0.4722222222222222
561,702,319.43589140180444,0.1981981981981982,0.22522522522522523,0.5765765765765766
562,716,430.49343252731745,0.17499999999999996,0.38749999999999996,0.43749999999999994
563,43,583.5184982777386,0.30263157894736836,0.13157894736842102,0.5657894736842104
564,57,708.1205392217296,0.3917525773195876,0.061855670103092786,0.5463917525773195
565,299,353.49961315366807,0.1511627906976744,0.26744186046511625,0.5813953488372093
566,500,791.9489208664414,0.33548387096774196,0.05806451612903226,0.6064516129032258
567,514,231.07996772520576,0.03278688524590164,0.47540983606557374,0.4918032786885246
568,272,587.6943914888207,0.12264150943396226,0.20754716981132076,0.6698113207547169
569,528,702.1587809675877,0.03125000000000001,0.7109375000000001,0.25781250000000006
570,258,717.4013691875432,0.4748201438848921,0.02877697841726619,0.49640287769784175
571,502,858.2776391448033,0.10852713178294573,0.35658914728682173,0.5348837209302325
572,264,823.259706441248,0.1595744680851064,0.32978723404255317,0.5106382978723404
573,270,526.3285739393833,0.13333333333333333,0.225,0.6416666666666667
574,516,562.730912269685,0.12056737588652484,0.32624113475177313,0.5531914893617023
575,41,522.1293469342204,0.3835616438356164,0.1232876712328767,0.4931506849315068
576,55,588.342188582839,0.3106796116504854,0.07766990291262135,0.6116504854368932
577,69,720.8456498523977,0.35555555555555557,0.06666666666666667,0.5777777777777777
578,927,480.26481380815466,0.1746031746031746,0.06878306878306878,0.7566137566137566
579,82,516.5774812194547,0.30985915492957744,0.18309859154929578,0.5070422535211268
580,96,517.8668894428533,0.38461538461538464,0.09615384615384616,0.5192307692307693
581,933,753.6602686507304,0.0656934306569343,0.2700729927007299,0.6642335766423356
582,890,766.239753885267,0.03488372093023256,0.3953488372093023,0.5697674418604651
583,648,849.8294723132697,0.3068181818181818,0.10227272727272728,0.5909090909090909
584,112,428.16516733726246,0.35443037974683544,0.189873417721519,0.45569620253164556
585,6,711.6671616150993,0.453125,0.0625,0.484375
586,674,730.1766329522056,0.3597560975609756,0.04878048780487805,0.5914634146341463
587,660,426.5297275726757,0.35502958579881655,0.10059171597633136,0.5443786982248521
588,106,475.77840825953626,0.2018348623853211,0.14678899082568808,0.6513761467889908
589,853,849.3399286128819,0.25984251968503935,0.09448818897637795,0.6456692913385826
590,847,642.5261729810387,0.2645161290322581,0.05806451612903226,0.6774193548387096
591,476,871.0816806049964,0.3698630136986301,0.08904109589041095,0.541095890410959
592,304,391.1555455841526,0.22857142857142856,0.17142857142857143,0.6
593,462,841.9156634764875,0.0851063829787234,0.46808510638297873,0.44680851063829785
594,489,208.3134356417011,0.21904761904761905,0.34285714285714286,0.4380952380952381
595,488,582.9918589047425,0.05263157894736842,0.631578947368421,0.3157894736842105
596,305,492.5933364079142,0.4180327868852459,0.11475409836065574,0.4672131147540984
597,463,763.4648176688562,0.2716049382716049,0.06172839506172839,0.6666666666666666
598,477,885.6523473086371,0.24074074074074073,0.11728395061728394,0.6419753086419753
599,311,245.05896561155342,0.12371134020618557,0.4845360824742268,0.3917525773195876
600,339,851.1656725831032,0.09917355371900824,0.5785123966942147,0.3223140495867768
601,846,424.6421498457687,0.16438356164383558,0.23287671232876708,0.6027397260273971
602,661,881.9297308726835,0.2074468085106383,0.0425531914893617,0.75
603,107,490.02281743938204,0.23148148148148148,0.12962962962962962,0.6388888888888888
604,113,817.4895667254472,0.25471698113207547,0.24528301886792453,0.5
605,675,522.6071826585185,0.03937007874015748,0.4881889763779528,0.47244094488188976
606,7,928.8359848556868,0.2833333333333333,0.11666666666666667,0.6
607,649,760.8413051497432,0.19117647058823528,0.39705882352941174,0.4117647058823529
608,891,869.5358756411298,0.3352601156069364,0.028901734104046242,0.6358381502890174
609,932,154.2459142687648,0.11382113821138211,0.4146341463414634,0.4715447154471545
610,97,656.6701568341705,0.45,0.1375,0.4125
611,83,470.55250850567546,0.4477611940298508,0.11940298507462689,0.43283582089552247
612,926,460.29425178279564,0.0,0.937888198757764,0.062111801242236024
613,715,564.7670550570299,0.0,0.9338842975206612,0.06611570247933884
614,68,368.4580679936598,0.2621359223300971,0.0970873786407767,0.6407766990291263
615,701,366.093264305524,0.2846153846153846,0.14615384615384616,0.5692307692307692
616,54,689.2776238949858,0.39325842696629215,0.11235955056179775,0.4943820224719101
617,729,510.11883720135387,0.10833333333333334,0.6,0.2916666666666667
618,40,864.6549982096932,0.0,0.7999999999999998,0.19999999999999996
619,271,604.2265021889268,0.033707865168539325,0.6853932584269663,0.2808988764044944
620,517,317.325916631031,0.2152777777777778,0.11805555555555555,0.6666666666666666
621,503,872.423610377422,0.2641509433962264,0.08176100628930817,0.6540880503144654
622,265,809.3666033622817,0.09278350515463918,0.5876288659793815,0.31958762886597936
623,259,861.7524436846745,0.42735042735042733,0.09401709401709402,0.47863247863247865
624,564,108.11259202942291,0.04081632653061224,0.5102040816326531,0.4489795918367347
625,202,252.8323953349541,0.22018348623853212,0.27522935779816515,0.5045871559633027
626,216,848.4811506436776,0.08571428571428572,0.6571428571428571,0.2571428571428571
627,558,262.76029564479376,0.36423841059602646,0.059602649006622516,0.5761589403973509
628,766,562.9470980018513,0.10526315789473684,0.44360902255639095,0.45112781954887216
629,772,352.66012994793533,0.4728682170542636,0.08527131782945736,0.4418604651162791
630,27,427.1530257385521,0.16176470588235295,0.38235294117647056,0.45588235294117646
631,33,610.8771731496403,0.38571428571428573,0.1,0.5142857142857142
632,799,874.8151867245382,0.046153846153846156,0.5538461538461539,0.4
633,174,575.7407739031948,0.36538461538461536,0.125,0.5096153846153846
634,612,201.50730713219585,0.1826086956521739,0.20869565217391303,0.6086956521739131
635,606,527.600082082292,0.14482758620689656,0.2620689655172414,0.593103448275862
636,160,867.9596400527876,0.2972972972972973,0.13513513513513514,0.5675675675675675
637,148,840.90800440872,0.29411764705882354,0.22549019607843138,0.4803921568627451
638,835,368.7307156258909,0.06206896551724138,0.5448275862068965,0.3931034482758621
639,821,875.236371547107,0.04504504504504504,0.5765765765765766,0.3783783783783784
640,410,379.915632633374,0.104,0.24,0.656
641,376,790.554395601268,0.34482758620689663,0.12413793103448278,0.5310344827586208
642,362,882.670137330685,0.47402597402597413,0.03896103896103897,0.4870129870129871
643,438,160.402641441955,0.1941747572815534,0.17475728155339806,0.6310679611650486
644,389,774.7042959128244,0.2827586206896552,0.034482758620689655,0.6827586206896552
645,388,569.5599345153719,0.20895522388059698,0.08955223880597013,0.7014925373134326
646,439,308.20358737237035,0.14705882352941177,0.27450980392156865,0.5784313725490197
647,363,831.3680173391657,0.304635761589404,0.0728476821192053,0.6225165562913907
648,411,700.6121153006703,0.09090909090909091,0.1717171717171717,0.7373737373737373
649,377,857.8125933050709,0.2962962962962963,0.07407407407407407,0.6296296296296297
650,820,809.1754243521862,0.37423312883435583,0.12269938650306748,0.5030674846625767
651,149,784.4936674738734,0.37068965517241387,0.09482758620689657,0.5344827586206898
652,607,788.5080849786254,0.18248175182481752,0.1678832116788321,0.6496350364963503
653,161,872.6427567627658,0.40145985401459855,0.072992700729927,0.5255474452554745
654,175,353.05603726300086,0.20430107526881722,0.34408602150537637,0.45161290322580644
655,613,843.1926030943922,0.1317365269461078,0.0718562874251497,0.7964071856287425
656,954,300.3126429267814,0.3684210526315791,0.02631578947368422,0.6052631578947371
657,798,927.7405915116353,0.008333333333333333,0.65,0.3416666666666667
658,940,152.01102521666525,0.015267175572519083,0.648854961832061,0.33587786259541985
659,32,583.9075943412815,0.3037974683544304,0.189873417721519,0.5063291139240507
660,26,782.5405852863626,0.5057471264367817,0.04597701149425287,0.4482758620689655
661,773,695.0044130804038,0.35789473684210527,0.042105263157894736,0.6
662,1265,889.0854049295009,0.19367588932806323,0.06324110671936758,0.7430830039525692
663,559,315.7166668443292,0.06666666666666667,0.6,0.3333333333333333
664,565,465.9949571205953,0.2765957446808511,0.14184397163120568,0.5815602836879432
665,203,411.11470520391157,0.24675324675324675,0.2077922077922078,0.5454545454545454
666,573,517.9042745460638,0.0392156862745098,0.3333333333333333,0.6274509803921569
667,215,635.6349845169893,0.31868131868131866,0.06593406593406594,0.6153846153846154
668,201,504.7815579608209,0.2621359223300971,0.0970873786407767,0.6407766990291263
669,567,882.8423730309185,0.22695035460992904,0.2056737588652482,0.5673758865248226
670,1267,766.3018360302951,0.11602209944751378,0.32044198895027615,0.5635359116022097
671,229,561.629238225614,0.23255813953488372,0.3953488372093023,0.37209302325581395
672,598,656.583498619336,0.21428571428571427,0.07142857142857142,0.7142857142857143
673,18,851.5374218883138,0.058823529411764705,0.5882352941176471,0.35294117647058826
674,765,229.7412559796008,0.26785714285714285,0.15178571428571427,0.5803571428571429
675,30,822.3887950561048,0.19444444444444445,0.18055555555555555,0.625
676,759,877.2238781314118,0.4720812182741117,0.015228426395939087,0.5126903553299492
677,24,794.3360954541346,0.4431818181818182,0.056818181818181816,0.5
678,163,843.1244405256195,0.2,0.136,0.664
679,605,544.4004706104556,0.1450381679389313,0.29770992366412213,0.5572519083969466
680,611,835.2250971909564,0.15254237288135594,0.05649717514124294,0.7909604519774012
681,177,625.487311777734,0.012658227848101264,0.7594936708860758,0.22784810126582275
682,639,560.7800408445673,0.029850746268656716,0.6194029850746269,0.35074626865671643
683,822,880.351961504057,0.14634146341463414,0.43902439024390244,0.4146341463414634
684,836,656.7350488165139,0.062111801242236024,0.2857142857142857,0.6521739130434783
685,188,351.4681541675803,0.30851063829787234,0.24468085106382978,0.44680851063829785
686,407,937.8180351078892,0.36477987421383645,0.10062893081761007,0.5345911949685535
687,361,638.456387688207,0.3389830508474576,0.11016949152542373,0.5508474576271186
688,375,774.550246813663,0.36,0.08,0.56
689,349,804.3470751713309,0.37142857142857144,0.1,0.5285714285714286
690,348,772.9974836435798,0.4573643410852713,0.06976744186046512,0.4728682170542636
691,374,807.0151053384513,0.2751677852348993,0.1342281879194631,0.5906040268456376
692,412,404.7728030705228,0.07339449541284404,0.25688073394495414,0.6697247706422018
693,406,461.57955494286983,0.38738738738738737,0.036036036036036036,0.5765765765765766
694,360,850.2497566240745,0.15306122448979592,0.5204081632653061,0.32653061224489793
695,837,833.439205296024,0.19047619047619047,0.2585034013605442,0.5510204081632653
696,189,675.6205826484411,0.35514018691588783,0.1308411214953271,0.514018691588785
697,823,798.033311010821,0.32386363636363635,0.125,0.5511363636363636
698,638,532.4791012488757,0.12903225806451613,0.13548387096774195,0.7354838709677419
699,610,875.4925774409619,0.09090909090909091,0.10303030303030303,0.806060606060606
700,176,671.828567458185,0.0125,0.7625,0.225
701,162,895.8598096889124,0.288,0.216,0.496
702,604,479.6443270604486,0.2,0.0962962962962963,0.7037037037037037
703,943,789.042473538993,0.24,0.06666666666666667,0.6933333333333334
704,25,863.5678394217455,0.4418604651162791,0.046511627906976744,0.5116279069767442
705,980,564.8372123997023,0.01734104046242774,0.35260115606936404,0.6300578034682078
706,758,836.9575319809452,0.5220125786163522,0.06289308176100629,0.41509433962264153
707,994,837.9852266060342,0.3065326633165829,0.02512562814070352,0.6683417085427136
708,31,760.4202320396537,0.29268292682926816,0.07317073170731704,0.6341463414634144
709,764,719.9435476827642,0.17424242424242425,0.24242424242424243,0.5833333333333334
710,19,815.734120001465,0.20270270270270271,0.36486486486486486,0.43243243243243246
711,770,765.5770636320306,0.075,0.1625,0.7625
712,1266,663.7912395870296,0.1270718232044199,0.2541436464088398,0.6187845303867403
713,228,648.286979591117,0.42063492063492075,0.11904761904761907,0.4603174603174604
714,200,325.934066569959,0.08750000000000004,0.35000000000000014,0.5625000000000002
715,566,829.3508157522992,0.2444444444444445,0.22962962962962968,0.525925925925926
716,214,421.47173399217195,0.29411764705882354,0.12941176470588237,0.5764705882352941
717,238,821.6580788850463,0.03797468354430379,0.7468354430379746,0.21518987341772147
718,210,481.07576302835906,0.37362637362637363,0.21978021978021978,0.4065934065934066
719,576,851.2511428901169,0.31521739130434784,0.05434782608695652,0.6304347826086957
720,562,403.99222561332755,0.16379310344827586,0.1896551724137931,0.646551724137931
721,204,879.9528282463918,0.0410958904109589,0.7808219178082192,0.1780821917808219
722,589,639.934993417672,0.046153846153846156,0.6846153846153846,0.2692307692307692
723,35,618.4580984243273,0.2647058823529412,0.16176470588235295,0.5735294117647058
724,748,802.6655092401443,0.0392156862745098,0.4117647058823529,0.5490196078431373
725,990,386.2132906314633,0.4294478527607362,0.10429447852760736,0.4662576687116564
726,984,813.3782511332545,0.03870967741935485,0.5870967741935484,0.37419354838709684
727,774,757.4040513429194,0.3575757575757576,0.03636363636363636,0.6060606060606061
728,760,852.1246727447551,0.2061855670103092,0.402061855670103,0.3917525773195875
729,953,886.2183145779734,0.16336633663366337,0.06435643564356436,0.7722772277227723
730,947,853.6472119041498,0.037593984962406006,0.669172932330827,0.29323308270676685
731,628,253.4052324003214,0.2061855670103092,0.402061855670103,0.3917525773195875
732,600,731.9761584181275,0.04504504504504504,0.5855855855855856,0.36936936936936937
733,166,862.140250195549,0.24390243902439024,0.0975609756097561,0.6585365853658537
734,172,558.0205099841006,0.30952380952380953,0.0873015873015873,0.6031746031746031
735,614,228.57002597400052,0.010101010101010102,0.7575757575757576,0.23232323232323232
736,827,330.51540088202796,0.33544303797468356,0.17721518987341772,0.4873417721518987
737,199,363.40042831472726,0.16666666666666666,0.1568627450980392,0.6764705882352942
738,358,769.8513867111486,0.23333333333333334,0.2916666666666667,0.475
739,364,872.2930826102688,0.3783783783783784,0.05405405405405406,0.5675675675675675
740,416,250.42706232479833,0.24074074074074073,0.16666666666666666,0.5925925925925926
741,370,829.7354185380517,0.3333333333333333,0.0851063829787234,0.5815602836879432
742,417,549.1585071342013,0.41134751773049644,0.04964539007092199,0.5390070921985816
743,371,693.7203454742128,0.32592592592592595,0.0962962962962963,0.5777777777777777
744,365,864.0496420220215,0.34,0.1,0.56
745,359,714.9106255741,0.42028985507246375,0.07971014492753623,0.5
746,832,326.5320270017868,0.07051282051282051,0.3525641025641026,0.5769230769230769
747,826,890.5161003466889,0.39520958083832336,0.0718562874251497,0.5329341317365269
748,198,473.19037465254144,0.2268041237113402,0.13402061855670103,0.6391752577319587
749,173,796.7712243040123,0.1717171717171717,0.29292929292929293,0.5353535353535354
750,615,637.5843012145151,0.0718954248366013,0.19607843137254902,0.7320261437908496
751,601,596.1265923042985,0.3125,0.09659090909090909,0.5909090909090909
752,167,727.5999172825724,0.33663366336633666,0.1782178217821782,0.48514851485148514
753,629,580.7369970979792,0.14563106796116504,0.46601941747572817,0.3883495145631068
754,946,498.2332134151777,0.04065040650406504,0.5609756097560976,0.3983739837398374
755,952,695.5103549091125,0.352,0.16,0.488
756,761,881.3299184122177,0.3014705882352941,0.22058823529411764,0.47794117647058826
757,775,744.7377848167355,0.3409090909090909,0.045454545454545456,0.6136363636363636
758,20,494.31601738749714,0.3902439024390244,0.17073170731707318,0.43902439024390244
759,985,854.4454919037595,0.05555555555555555,0.5925925925925926,0.35185185185185186
760,991,761.6045571282077,0.2545454545454545,0.031818181818181815,0.7136363636363636
761,749,613.8875636821,0.39080459770114945,0.028735632183908046,0.5804597701149425
762,34,598.7716267790858,0.49382716049382713,0.13580246913580246,0.37037037037037035
763,588,930.0108517281992,0.25301204819277107,0.05421686746987952,0.6927710843373494
764,563,441.9573976643949,0.22962962962962963,0.2,0.5703703703703704
765,211,456.61574540247835,0.1111111111111111,0.4027777777777778,0.4861111111111111
766,239,877.4823497036186,0.43795620437956184,0.06569343065693428,0.49635036496350343
767,549,347.06128068293384,0.1565217391304348,0.30434782608695654,0.5391304347826087
768,561,477.47868015683923,0.29133858267716534,0.11023622047244094,0.5984251968503937
769,575,869.8529131309177,0.09868421052631579,0.42105263157894735,0.48026315789473684
770,213,418.7695736030897,0.22972972972972974,0.28378378378378377,0.4864864864864865
771,987,936.7373861173558,0.1978021978021978,0.12087912087912088,0.6813186813186813
772,22,493.0262385282684,0.2857142857142857,0.30612244897959184,0.40816326530612246
773,36,551.7447201643346,0.20833333333333334,0.2777777777777778,0.5138888888888888
774,993,925.2185905740636,0.13291139240506328,0.1962025316455696,0.6708860759493671
775,763,18.57278895958688,0.1619047619047619,0.5904761904761905,0.24761904761904763
776,777,805.8609272025304,0.2185430463576159,0.033112582781456956,0.7483443708609272
777,944,738.3401932420328,0.14012738853503184,0.2356687898089172,0.6242038216560509
778,950,317.6672895362337,0.0821917808219178,0.3219178082191781,0.5958904109589042
779,788,680.4237346104567,0.302158273381295,0.12949640287769784,0.5683453237410072
780,159,854.8964270487735,0.46923076923076923,0.046153846153846156,0.4846153846153846
781,617,909.1800447986186,0.33088235294117646,0.08088235294117647,0.5882352941176471
782,171,779.4279079228692,0.45454545454545453,0.030303030303030304,0.5151515151515151
783,165,903.9504459381427,0.2689075630252101,0.15126050420168066,0.5798319327731093
784,603,763.5610226182816,0.36075949367088617,0.031645569620253174,0.6075949367088609
785,824,847.2751717779408,0.24822695035460993,0.2127659574468085,0.5390070921985816
786,373,752.6368047627699,0.3184713375796178,0.08917197452229299,0.5923566878980892
787,415,726.8356810728819,0.3418803418803419,0.17094017094017094,0.48717948717948717
788,367,634.5509194214529,0.24475524475524477,0.11888111888111888,0.6363636363636364
789,398,421.823313633915,0.31343283582089554,0.15671641791044777,0.5298507462686567
790,399,349.08601939675384,0.019230769230769232,0.6634615384615384,0.3173076923076923
791,366,440.0827640065256,0.3333333333333333,0.2,0.4666666666666667
792,372,769.0668000117987,0.017699115044247787,0.7168141592920354,0.26548672566371684
793,414,635.8990111794067,0.4049586776859504,0.09917355371900827,0.49586776859504134
794,428,770.867484555387,0.5333333333333333,0.04,0.4266666666666667
795,819,813.003205772728,0.11627906976744186,0.5581395348837209,0.32558139534883723
796,825,871.2257403493375,0.2074468085106383,0.11702127659574468,0.675531914893617
797,831,305.82946632485607,0.28350515463917525,0.061855670103092786,0.654639175257732
798,164,877.3787670672183,0.13483146067415727,0.5056179775280898,0.35955056179775274
799,602,758.5636544180185,0.1595744680851064,0.425531914893617,0.4148936170212766
800,616,415.7329678889065,0.28099173553719003,0.11570247933884295,0.6033057851239668
801,170,428.46684785274834,0.3770491803278688,0.05737704918032787,0.5655737704918032
802,158,854.5793374033556,0.36923076923076925,0.07692307692307693,0.5538461538461539
803,979,791.0550399583053,0.26136363636363635,0.03409090909090909,0.7045454545454546
804,789,671.8502735814217,0.22556390977443608,0.3233082706766917,0.45112781954887216
805,951,860.4574496607984,0.04081632653061224,0.6122448979591837,0.3469387755102041
806,776,515.9365349067698,0.44285714285714267,0.08571428571428567,0.47142857142857125
807,762,840.5948111414157,0.18867924528301888,0.46226415094339623,0.3490566037735849
808,992,827.7524820466745,0.06435643564356436,0.1188118811881188,0.8168316831683168
809,37,676.3249300294655,0.32911392405063294,0.08860759493670887,0.5822784810126583
810,23,836.9374463325431,0.4883720930232558,0.03488372093023256,0.47674418604651164
811,574,592.893038405498,0.0449438202247191,0.7303370786516854,0.2247191011235955
812,212,712.8188859265886,0.1527777777777778,0.3472222222222222,0.5
813,206,303.14959353020066,0.4842105263157895,0.09473684210526316,0.42105263157894735
814,560,409.41057058392965,0.1565217391304348,0.3130434782608696,0.5304347826086957
815,548,944.5228548633719,0.15606936416184972,0.12716763005780346,0.7167630057803468
